air,level,ext_field,hash,r,n_trace,blowup,prove_ms,verify_ms,proof_kib,peak_rss_mib,run_idx,ldt
Fibonacci-2^11,L1,Fp6,SHA3-256,54,2048,32,596,4.95,482.4,,1,fri
Fibonacci-2^12,L1,Fp6,SHA3-256,54,4096,32,1162,5.48,545.8,,1,fri
Fibonacci-2^13,L1,Fp6,SHA3-256,54,8192,32,2308,5.95,585.5,,1,fri
Fibonacci-2^14,L1,Fp6,SHA3-256,54,16384,32,4631,6.46,626.9,,1,fri
Fibonacci-2^15,L1,Fp6,SHA3-256,54,32768,32,9331,6.96,670.0,,1,fri
Fibonacci-2^16,L1,Fp6,SHA3-256,54,65536,32,18841,7.59,740.1,,1,fri
Fibonacci-2^17,L1,Fp6,SHA3-256,54,131072,32,37806,8.16,786.6,,1,fri
Fibonacci-2^18,L1,Fp6,SHA3-256,54,262144,32,76062,8.75,834.8,,1,fri
Fibonacci-2^19,L1,Fp6,SHA3-256,54,524288,32,152927,9.34,884.6,,1,fri
Fibonacci-2^20,L1,Fp6,SHA3-256,54,1048576,32,301241,10.05,961.5,,1,fri
Fibonacci-2^21,L1,Fp6,SHA3-256,54,2097152,32,614392,10.62,1014.7,,1,fri
PoseidonChain-2^11,L1,Fp6,SHA3-256,54,2048,32,967,4.95,482.4,,1,fri
PoseidonChain-2^12,L1,Fp6,SHA3-256,54,4096,32,1894,5.48,545.8,,1,fri
PoseidonChain-2^13,L1,Fp6,SHA3-256,54,8192,32,3801,5.97,585.5,,1,fri
PoseidonChain-2^14,L1,Fp6,SHA3-256,54,16384,32,7684,6.48,626.9,,1,fri
PoseidonChain-2^15,L1,Fp6,SHA3-256,54,32768,32,15512,7.00,670.0,,1,fri
PoseidonChain-2^16,L1,Fp6,SHA3-256,54,65536,32,31605,7.61,740.1,,1,fri
PoseidonChain-2^17,L1,Fp6,SHA3-256,54,131072,32,63832,8.22,786.6,,1,fri
PoseidonChain-2^18,L1,Fp6,SHA3-256,54,262144,32,128913,8.77,834.8,,1,fri
PoseidonChain-2^19,L1,Fp6,SHA3-256,54,524288,32,260731,9.45,884.6,,1,fri
PoseidonChain-2^20,L1,Fp6,SHA3-256,54,1048576,32,523854,10.04,961.5,,1,fri
RegisterMachine-2^11,L1,Fp6,SHA3-256,54,2048,32,657,4.97,482.4,,1,fri
RegisterMachine-2^12,L1,Fp6,SHA3-256,54,4096,32,1273,5.50,545.8,,1,fri
RegisterMachine-2^13,L1,Fp6,SHA3-256,54,8192,32,2559,5.99,585.5,,1,fri
RegisterMachine-2^14,L1,Fp6,SHA3-256,54,16384,32,5120,6.47,626.9,,1,fri
RegisterMachine-2^15,L1,Fp6,SHA3-256,54,32768,32,10396,7.02,670.0,,1,fri
Fibonacci-2^11,L1,Fp6,SHA3-256,54,2048,32,272,1.05,1.5,,1,stir
Fibonacci-2^12,L1,Fp6,SHA3-256,54,4096,32,521,1.08,1.5,,1,stir
Fibonacci-2^13,L1,Fp6,SHA3-256,54,8192,32,1027,1.21,1.6,,1,stir
Fibonacci-2^14,L1,Fp6,SHA3-256,54,16384,32,2032,1.23,1.7,,1,stir
Fibonacci-2^15,L1,Fp6,SHA3-256,54,32768,32,4083,1.27,1.8,,1,stir
Fibonacci-2^16,L1,Fp6,SHA3-256,54,65536,32,8200,1.29,1.8,,1,stir
Fibonacci-2^17,L1,Fp6,SHA3-256,54,131072,32,16602,1.41,1.9,,1,stir
Fibonacci-2^18,L1,Fp6,SHA3-256,54,262144,32,33474,1.44,2.0,,1,stir
Fibonacci-2^19,L1,Fp6,SHA3-256,54,524288,32,67402,1.47,2.1,,1,stir
Fibonacci-2^20,L1,Fp6,SHA3-256,54,1048576,32,136404,1.50,2.2,,1,stir
Fibonacci-2^21,L1,Fp6,SHA3-256,54,2097152,32,275109,1.62,2.2,,1,stir
Fibonacci-2^22,L1,Fp6,SHA3-256,54,4194304,32,556377,1.64,2.3,,1,stir
Fibonacci-2^11,L1,Fp6,SHA3-256,54,2048,32,267,1.06,135.5,,1,stir
Fibonacci-2^12,L1,Fp6,SHA3-256,54,4096,32,512,1.08,137.3,,1,stir
Fibonacci-2^13,L1,Fp6,SHA3-256,54,8192,32,1020,1.22,164.5,,1,stir
Fibonacci-2^14,L1,Fp6,SHA3-256,54,16384,32,2021,1.23,166.3,,1,stir
Fibonacci-2^15,L1,Fp6,SHA3-256,54,32768,32,4073,1.26,168.1,,1,stir
Fibonacci-2^16,L1,Fp6,SHA3-256,54,65536,32,8249,1.28,169.9,,1,stir
Fibonacci-2^17,L1,Fp6,SHA3-256,54,131072,32,16536,1.41,197.0,,1,stir
Fibonacci-2^18,L1,Fp6,SHA3-256,54,262144,32,33321,1.43,198.8,,1,stir
Fibonacci-2^19,L1,Fp6,SHA3-256,54,524288,32,67304,1.47,200.6,,1,stir
Fibonacci-2^20,L1,Fp6,SHA3-256,54,1048576,32,136089,1.49,202.5,,1,stir
Fibonacci-2^21,L1,Fp6,SHA3-256,54,2097152,32,276241,1.61,229.6,,1,stir
Fibonacci-2^22,L1,Fp6,SHA3-256,54,4194304,32,553483,1.64,231.4,,1,stir
PoseidonChain-2^11,L1,Fp6,SHA3-256,54,2048,32,634,1.05,135.5,,1,stir
PoseidonChain-2^12,L1,Fp6,SHA3-256,54,4096,32,1252,1.08,137.3,,1,stir
PoseidonChain-2^13,L1,Fp6,SHA3-256,54,8192,32,2514,1.20,164.5,,1,stir
PoseidonChain-2^14,L1,Fp6,SHA3-256,54,16384,32,5079,1.23,166.3,,1,stir
PoseidonChain-2^15,L1,Fp6,SHA3-256,54,32768,32,10319,1.27,168.1,,1,stir
PoseidonChain-2^16,L1,Fp6,SHA3-256,54,65536,32,20923,1.29,169.9,,1,stir
PoseidonChain-2^17,L1,Fp6,SHA3-256,54,131072,32,42492,1.41,197.0,,1,stir
PoseidonChain-2^18,L1,Fp6,SHA3-256,54,262144,32,86078,1.44,198.8,,1,stir
PoseidonChain-2^19,L1,Fp6,SHA3-256,54,524288,32,174520,1.48,200.6,,1,stir
PoseidonChain-2^20,L1,Fp6,SHA3-256,54,1048576,32,353419,1.54,202.5,,1,stir
PoseidonChain-2^21,L1,Fp6,SHA3-256,54,2097152,32,716279,1.63,229.6,,1,stir
PoseidonChain-2^22,L1,Fp6,SHA3-256,54,4194304,32,1452038,1.65,231.4,,1,stir
RegisterMachine-2^11,L1,Fp6,SHA3-256,54,2048,32,320,1.06,135.5,,1,stir
RegisterMachine-2^12,L1,Fp6,SHA3-256,54,4096,32,625,1.09,137.3,,1,stir
RegisterMachine-2^13,L1,Fp6,SHA3-256,54,8192,32,1250,1.20,164.5,,1,stir
RegisterMachine-2^14,L1,Fp6,SHA3-256,54,16384,32,2522,1.25,166.3,,1,stir
RegisterMachine-2^15,L1,Fp6,SHA3-256,54,32768,32,5115,1.26,168.1,,1,stir
RegisterMachine-2^16,L1,Fp6,SHA3-256,54,65536,32,10514,1.29,169.9,,1,stir
RegisterMachine-2^17,L1,Fp6,SHA3-256,54,131072,32,21472,1.41,197.0,,1,stir
RegisterMachine-2^18,L1,Fp6,SHA3-256,54,262144,32,43405,1.43,198.8,,1,stir
RegisterMachine-2^19,L1,Fp6,SHA3-256,54,524288,32,88054,1.47,200.6,,1,stir
RegisterMachine-2^20,L1,Fp6,SHA3-256,54,1048576,32,179002,1.50,202.5,,1,stir
RegisterMachine-2^21,L1,Fp6,SHA3-256,54,2097152,32,363877,1.61,229.6,,1,stir
RegisterMachine-2^22,L1,Fp6,SHA3-256,54,4194304,32,738617,1.64,231.4,,1,stir
Fibonacci-2^11,L1,Fp6,SHA3-256,54,2048,32,267,1.06,135.5,,2,stir
Fibonacci-2^12,L1,Fp6,SHA3-256,54,4096,32,516,1.08,137.3,,2,stir
Fibonacci-2^13,L1,Fp6,SHA3-256,54,8192,32,1017,1.21,164.5,,2,stir
Fibonacci-2^14,L1,Fp6,SHA3-256,54,16384,32,2024,1.24,166.3,,2,stir
Fibonacci-2^15,L1,Fp6,SHA3-256,54,32768,32,4052,1.27,168.1,,2,stir
Fibonacci-2^16,L1,Fp6,SHA3-256,54,65536,32,8254,1.29,169.9,,2,stir
Fibonacci-2^17,L1,Fp6,SHA3-256,54,131072,32,16523,1.40,197.0,,2,stir
Fibonacci-2^18,L1,Fp6,SHA3-256,54,262144,32,33415,1.43,198.8,,2,stir
Fibonacci-2^19,L1,Fp6,SHA3-256,54,524288,32,67145,1.47,200.6,,2,stir
Fibonacci-2^20,L1,Fp6,SHA3-256,54,1048576,32,135758,1.50,202.5,,2,stir
Fibonacci-2^21,L1,Fp6,SHA3-256,54,2097152,32,274970,1.61,229.6,,2,stir
Fibonacci-2^22,L1,Fp6,SHA3-256,54,4194304,32,555438,1.65,231.4,,2,stir
PoseidonChain-2^11,L1,Fp6,SHA3-256,54,2048,32,635,1.05,135.5,,2,stir
PoseidonChain-2^12,L1,Fp6,SHA3-256,54,4096,32,1255,1.09,137.3,,2,stir
PoseidonChain-2^13,L1,Fp6,SHA3-256,54,8192,32,2514,1.21,164.5,,2,stir
PoseidonChain-2^14,L1,Fp6,SHA3-256,54,16384,32,5083,1.22,166.3,,2,stir
PoseidonChain-2^15,L1,Fp6,SHA3-256,54,32768,32,10306,1.26,168.1,,2,stir
PoseidonChain-2^16,L1,Fp6,SHA3-256,54,65536,32,21023,1.29,169.9,,2,stir
PoseidonChain-2^17,L1,Fp6,SHA3-256,54,131072,32,42570,1.42,197.0,,2,stir
PoseidonChain-2^18,L1,Fp6,SHA3-256,54,262144,32,86250,1.44,198.8,,2,stir
PoseidonChain-2^19,L1,Fp6,SHA3-256,54,524288,32,174481,1.48,200.6,,2,stir
PoseidonChain-2^20,L1,Fp6,SHA3-256,54,1048576,32,353791,1.53,202.5,,2,stir
PoseidonChain-2^21,L1,Fp6,SHA3-256,54,2097152,32,717571,1.61,229.6,,2,stir
PoseidonChain-2^22,L1,Fp6,SHA3-256,54,4194304,32,1451448,1.64,231.4,,2,stir
RegisterMachine-2^11,L1,Fp6,SHA3-256,54,2048,32,321,1.05,135.5,,2,stir
RegisterMachine-2^12,L1,Fp6,SHA3-256,54,4096,32,627,1.08,137.3,,2,stir
RegisterMachine-2^13,L1,Fp6,SHA3-256,54,8192,32,1247,1.20,164.5,,2,stir
RegisterMachine-2^14,L1,Fp6,SHA3-256,54,16384,32,2513,1.25,166.3,,2,stir
RegisterMachine-2^15,L1,Fp6,SHA3-256,54,32768,32,5110,1.26,168.1,,2,stir
RegisterMachine-2^16,L1,Fp6,SHA3-256,54,65536,32,10431,1.29,169.9,,2,stir
RegisterMachine-2^17,L1,Fp6,SHA3-256,54,131072,32,21259,1.41,197.0,,2,stir
RegisterMachine-2^18,L1,Fp6,SHA3-256,54,262144,32,43104,1.43,198.8,,2,stir
RegisterMachine-2^19,L1,Fp6,SHA3-256,54,524288,32,87683,1.47,200.6,,2,stir
RegisterMachine-2^20,L1,Fp6,SHA3-256,54,1048576,32,178747,1.51,202.5,,2,stir
RegisterMachine-2^21,L1,Fp6,SHA3-256,54,2097152,32,365547,1.61,229.6,,2,stir
RegisterMachine-2^22,L1,Fp6,SHA3-256,54,4194304,32,743625,1.64,231.4,,2,stir
Fibonacci-2^11,L1,Fp6,SHA3-256,54,2048,32,266,1.05,135.5,,3,stir
Fibonacci-2^12,L1,Fp6,SHA3-256,54,4096,32,511,1.09,137.3,,3,stir
Fibonacci-2^13,L1,Fp6,SHA3-256,54,8192,32,1012,1.21,164.5,,3,stir
Fibonacci-2^14,L1,Fp6,SHA3-256,54,16384,32,2014,1.22,166.3,,3,stir
Fibonacci-2^15,L1,Fp6,SHA3-256,54,32768,32,4067,1.25,168.1,,3,stir
Fibonacci-2^16,L1,Fp6,SHA3-256,54,65536,32,8157,1.28,169.9,,3,stir
Fibonacci-2^17,L1,Fp6,SHA3-256,54,131072,32,16517,1.41,197.0,,3,stir
Fibonacci-2^18,L1,Fp6,SHA3-256,54,262144,32,33406,1.43,198.8,,3,stir
Fibonacci-2^19,L1,Fp6,SHA3-256,54,524288,32,67347,1.47,200.6,,3,stir
Fibonacci-2^20,L1,Fp6,SHA3-256,54,1048576,32,135751,1.51,202.5,,3,stir
Fibonacci-2^21,L1,Fp6,SHA3-256,54,2097152,32,274039,1.61,229.6,,3,stir
Fibonacci-2^22,L1,Fp6,SHA3-256,54,4194304,32,552509,1.64,231.4,,3,stir
PoseidonChain-2^11,L1,Fp6,SHA3-256,54,2048,32,636,1.05,135.5,,3,stir
PoseidonChain-2^12,L1,Fp6,SHA3-256,54,4096,32,1251,1.09,137.3,,3,stir
PoseidonChain-2^13,L1,Fp6,SHA3-256,54,8192,32,2512,1.20,164.5,,3,stir
PoseidonChain-2^14,L1,Fp6,SHA3-256,54,16384,32,5071,1.23,166.3,,3,stir
PoseidonChain-2^15,L1,Fp6,SHA3-256,54,32768,32,10318,1.26,168.1,,3,stir
PoseidonChain-2^16,L1,Fp6,SHA3-256,54,65536,32,20909,1.29,169.9,,3,stir
PoseidonChain-2^17,L1,Fp6,SHA3-256,54,131072,32,42444,1.40,197.0,,3,stir
PoseidonChain-2^18,L1,Fp6,SHA3-256,54,262144,32,86017,1.43,198.8,,3,stir
PoseidonChain-2^19,L1,Fp6,SHA3-256,54,524288,32,174399,1.47,200.6,,3,stir
PoseidonChain-2^20,L1,Fp6,SHA3-256,54,1048576,32,353451,1.50,202.5,,3,stir
PoseidonChain-2^21,L1,Fp6,SHA3-256,54,2097152,32,717487,1.61,229.6,,3,stir
PoseidonChain-2^22,L1,Fp6,SHA3-256,54,4194304,32,1452900,1.64,231.4,,3,stir
RegisterMachine-2^11,L1,Fp6,SHA3-256,54,2048,32,321,1.05,135.5,,3,stir
RegisterMachine-2^12,L1,Fp6,SHA3-256,54,4096,32,623,1.08,137.3,,3,stir
RegisterMachine-2^13,L1,Fp6,SHA3-256,54,8192,32,1245,1.22,164.5,,3,stir
RegisterMachine-2^14,L1,Fp6,SHA3-256,54,16384,32,2501,1.22,166.3,,3,stir
RegisterMachine-2^15,L1,Fp6,SHA3-256,54,32768,32,5077,1.26,168.1,,3,stir
RegisterMachine-2^16,L1,Fp6,SHA3-256,54,65536,32,10376,1.29,169.9,,3,stir
RegisterMachine-2^17,L1,Fp6,SHA3-256,54,131072,32,21199,1.40,197.0,,3,stir
RegisterMachine-2^18,L1,Fp6,SHA3-256,54,262144,32,43004,1.44,198.8,,3,stir
RegisterMachine-2^19,L1,Fp6,SHA3-256,54,524288,32,87461,1.48,200.6,,3,stir
RegisterMachine-2^20,L1,Fp6,SHA3-256,54,1048576,32,178297,1.49,202.5,,3,stir
RegisterMachine-2^21,L1,Fp6,SHA3-256,54,2097152,32,364844,1.64,229.6,,3,stir
RegisterMachine-2^22,L1,Fp6,SHA3-256,54,4194304,32,737790,1.64,231.4,,3,stir
Fibonacci-2^11,L1,Fp6,SHA3-384,54,2048,32,270,1.46,200.8,,1,stir
Fibonacci-2^12,L1,Fp6,SHA3-384,54,4096,32,522,1.50,203.4,,1,stir
Fibonacci-2^13,L1,Fp6,SHA3-384,54,8192,32,1020,1.70,244.1,,1,stir
Fibonacci-2^14,L1,Fp6,SHA3-384,54,16384,32,2036,1.71,246.8,,1,stir
Fibonacci-2^15,L1,Fp6,SHA3-384,54,32768,32,4104,1.78,249.4,,1,stir
Fibonacci-2^16,L1,Fp6,SHA3-384,54,65536,32,8246,1.82,252.1,,1,stir
Fibonacci-2^17,L1,Fp6,SHA3-384,54,131072,32,16768,2.00,292.7,,1,stir
Fibonacci-2^18,L1,Fp6,SHA3-384,54,262144,32,33849,2.02,295.4,,1,stir
Fibonacci-2^19,L1,Fp6,SHA3-384,54,524288,32,67938,2.09,298.1,,1,stir
Fibonacci-2^20,L1,Fp6,SHA3-384,54,1048576,32,138339,2.12,300.8,,1,stir
Fibonacci-2^21,L1,Fp6,SHA3-384,54,2097152,32,278070,2.37,341.4,,1,stir
Fibonacci-2^22,L1,Fp6,SHA3-384,54,4194304,32,556808,2.34,344.1,,1,stir
PoseidonChain-2^11,L1,Fp6,SHA3-384,54,2048,32,635,1.48,200.8,,1,stir
PoseidonChain-2^12,L1,Fp6,SHA3-384,54,4096,32,1254,1.52,203.4,,1,stir
PoseidonChain-2^13,L1,Fp6,SHA3-384,54,8192,32,2520,1.70,244.1,,1,stir
PoseidonChain-2^14,L1,Fp6,SHA3-384,54,16384,32,5092,1.73,246.8,,1,stir
PoseidonChain-2^15,L1,Fp6,SHA3-384,54,32768,32,10323,1.78,249.4,,1,stir
PoseidonChain-2^16,L1,Fp6,SHA3-384,54,65536,32,21097,1.82,252.1,,1,stir
PoseidonChain-2^17,L1,Fp6,SHA3-384,54,131072,32,42694,2.01,292.7,,1,stir
PoseidonChain-2^18,L1,Fp6,SHA3-384,54,262144,32,86516,2.03,295.4,,1,stir
PoseidonChain-2^19,L1,Fp6,SHA3-384,54,524288,32,175037,2.09,298.1,,1,stir
PoseidonChain-2^20,L1,Fp6,SHA3-384,54,1048576,32,355040,2.14,300.8,,1,stir
PoseidonChain-2^21,L1,Fp6,SHA3-384,54,2097152,32,723307,2.32,341.4,,1,stir
PoseidonChain-2^22,L1,Fp6,SHA3-384,54,4194304,32,1467535,2.35,344.1,,1,stir
RegisterMachine-2^11,L1,Fp6,SHA3-384,54,2048,32,322,1.46,200.8,,1,stir
RegisterMachine-2^12,L1,Fp6,SHA3-384,54,4096,32,625,1.51,203.4,,1,stir
RegisterMachine-2^13,L1,Fp6,SHA3-384,54,8192,32,1250,1.71,244.1,,1,stir
RegisterMachine-2^14,L1,Fp6,SHA3-384,54,16384,32,2513,1.73,246.8,,1,stir
RegisterMachine-2^15,L1,Fp6,SHA3-384,54,32768,32,5103,1.79,249.4,,1,stir
RegisterMachine-2^16,L1,Fp6,SHA3-384,54,65536,32,10545,1.81,252.1,,1,stir
RegisterMachine-2^17,L1,Fp6,SHA3-384,54,131072,32,21441,2.01,292.7,,1,stir
RegisterMachine-2^18,L1,Fp6,SHA3-384,54,262144,32,43474,2.03,295.4,,1,stir
RegisterMachine-2^19,L1,Fp6,SHA3-384,54,524288,32,88194,2.09,298.1,,1,stir
RegisterMachine-2^20,L1,Fp6,SHA3-384,54,1048576,32,179149,2.13,300.8,,1,stir
RegisterMachine-2^21,L1,Fp6,SHA3-384,54,2097152,32,364471,2.32,341.4,,1,stir
RegisterMachine-2^22,L1,Fp6,SHA3-384,54,4194304,32,740081,2.34,344.1,,1,stir
Fibonacci-2^11,L1,Fp6,SHA3-384,54,2048,32,269,1.47,200.8,,2,stir
Fibonacci-2^12,L1,Fp6,SHA3-384,54,4096,32,518,1.51,203.4,,2,stir
Fibonacci-2^13,L1,Fp6,SHA3-384,54,8192,32,1014,1.71,244.1,,2,stir
Fibonacci-2^14,L1,Fp6,SHA3-384,54,16384,32,2029,1.72,246.8,,2,stir
Fibonacci-2^15,L1,Fp6,SHA3-384,54,32768,32,4080,1.78,249.4,,2,stir
Fibonacci-2^16,L1,Fp6,SHA3-384,54,65536,32,8210,1.82,252.1,,2,stir
Fibonacci-2^17,L1,Fp6,SHA3-384,54,131072,32,16676,2.01,292.7,,2,stir
Fibonacci-2^18,L1,Fp6,SHA3-384,54,262144,32,33732,2.03,295.4,,2,stir
Fibonacci-2^19,L1,Fp6,SHA3-384,54,524288,32,68046,2.10,298.1,,2,stir
Fibonacci-2^20,L1,Fp6,SHA3-384,54,1048576,32,135937,2.13,300.8,,2,stir
Fibonacci-2^21,L1,Fp6,SHA3-384,54,2097152,32,274041,2.32,341.4,,2,stir
Fibonacci-2^22,L1,Fp6,SHA3-384,54,4194304,32,552136,2.35,344.1,,2,stir
PoseidonChain-2^11,L1,Fp6,SHA3-384,54,2048,32,649,1.47,200.8,,2,stir
PoseidonChain-2^12,L1,Fp6,SHA3-384,54,4096,32,1281,1.51,203.4,,2,stir
PoseidonChain-2^13,L1,Fp6,SHA3-384,54,8192,32,2572,1.70,244.1,,2,stir
PoseidonChain-2^14,L1,Fp6,SHA3-384,54,16384,32,5196,1.72,246.8,,2,stir
PoseidonChain-2^15,L1,Fp6,SHA3-384,54,32768,32,10531,1.79,249.4,,2,stir
PoseidonChain-2^16,L1,Fp6,SHA3-384,54,65536,32,21442,1.82,252.1,,2,stir
PoseidonChain-2^17,L1,Fp6,SHA3-384,54,131072,32,43443,2.01,292.7,,2,stir
PoseidonChain-2^18,L1,Fp6,SHA3-384,54,262144,32,87999,2.04,295.4,,2,stir
PoseidonChain-2^19,L1,Fp6,SHA3-384,54,524288,32,178372,2.10,298.1,,2,stir
PoseidonChain-2^20,L1,Fp6,SHA3-384,54,1048576,32,361195,2.13,300.8,,2,stir
PoseidonChain-2^21,L1,Fp6,SHA3-384,54,2097152,32,737117,2.32,341.4,,2,stir
PoseidonChain-2^22,L1,Fp6,SHA3-384,54,4194304,32,1495252,2.35,344.1,,2,stir
RegisterMachine-2^11,L1,Fp6,SHA3-384,54,2048,32,320,1.47,200.8,,2,stir
RegisterMachine-2^12,L1,Fp6,SHA3-384,54,4096,32,623,1.50,203.4,,2,stir
RegisterMachine-2^13,L1,Fp6,SHA3-384,54,8192,32,1244,1.69,244.1,,2,stir
RegisterMachine-2^14,L1,Fp6,SHA3-384,54,16384,32,2504,1.72,246.8,,2,stir
RegisterMachine-2^15,L1,Fp6,SHA3-384,54,32768,32,5093,1.78,249.4,,2,stir
RegisterMachine-2^16,L1,Fp6,SHA3-384,54,65536,32,10511,1.82,252.1,,2,stir
RegisterMachine-2^17,L1,Fp6,SHA3-384,54,131072,32,21367,2.01,292.7,,2,stir
RegisterMachine-2^18,L1,Fp6,SHA3-384,54,262144,32,43364,2.03,295.4,,2,stir
RegisterMachine-2^19,L1,Fp6,SHA3-384,54,524288,32,87925,2.09,298.1,,2,stir
RegisterMachine-2^20,L1,Fp6,SHA3-384,54,1048576,32,179348,2.14,300.8,,2,stir
RegisterMachine-2^21,L1,Fp6,SHA3-384,54,2097152,32,367195,2.32,341.4,,2,stir
RegisterMachine-2^22,L1,Fp6,SHA3-384,54,4194304,32,747444,2.36,344.1,,2,stir
Fibonacci-2^11,L1,Fp6,SHA3-384,54,2048,32,267,1.47,200.8,,3,stir
Fibonacci-2^12,L1,Fp6,SHA3-384,54,4096,32,517,1.50,203.4,,3,stir
Fibonacci-2^13,L1,Fp6,SHA3-384,54,8192,32,1011,1.69,244.1,,3,stir
Fibonacci-2^14,L1,Fp6,SHA3-384,54,16384,32,2025,1.72,246.8,,3,stir
Fibonacci-2^15,L1,Fp6,SHA3-384,54,32768,32,4074,1.78,249.4,,3,stir
Fibonacci-2^16,L1,Fp6,SHA3-384,54,65536,32,8199,1.81,252.1,,3,stir
Fibonacci-2^17,L1,Fp6,SHA3-384,54,131072,32,16640,2.01,292.7,,3,stir
Fibonacci-2^18,L1,Fp6,SHA3-384,54,262144,32,33678,2.04,295.4,,3,stir
Fibonacci-2^19,L1,Fp6,SHA3-384,54,524288,32,67896,2.09,298.1,,3,stir
Fibonacci-2^20,L1,Fp6,SHA3-384,54,1048576,32,135724,2.12,300.8,,3,stir
Fibonacci-2^21,L1,Fp6,SHA3-384,54,2097152,32,273665,2.32,341.4,,3,stir
Fibonacci-2^22,L1,Fp6,SHA3-384,54,4194304,32,551223,2.33,344.1,,3,stir
PoseidonChain-2^11,L1,Fp6,SHA3-384,54,2048,32,636,1.46,200.8,,3,stir
PoseidonChain-2^12,L1,Fp6,SHA3-384,54,4096,32,1254,1.50,203.4,,3,stir
PoseidonChain-2^13,L1,Fp6,SHA3-384,54,8192,32,2517,1.69,244.1,,3,stir
PoseidonChain-2^14,L1,Fp6,SHA3-384,54,16384,32,5078,1.72,246.8,,3,stir
PoseidonChain-2^15,L1,Fp6,SHA3-384,54,32768,32,10285,1.79,249.4,,3,stir
PoseidonChain-2^16,L1,Fp6,SHA3-384,54,65536,32,21018,1.81,252.1,,3,stir
PoseidonChain-2^17,L1,Fp6,SHA3-384,54,131072,32,42700,2.00,292.7,,3,stir
PoseidonChain-2^18,L1,Fp6,SHA3-384,54,262144,32,86390,2.03,295.4,,3,stir
PoseidonChain-2^19,L1,Fp6,SHA3-384,54,524288,32,174958,2.11,298.1,,3,stir
PoseidonChain-2^20,L1,Fp6,SHA3-384,54,1048576,32,354525,2.16,300.8,,3,stir
PoseidonChain-2^21,L1,Fp6,SHA3-384,54,2097152,32,718519,2.32,341.4,,3,stir
PoseidonChain-2^22,L1,Fp6,SHA3-384,54,4194304,32,1463583,2.35,344.1,,3,stir
RegisterMachine-2^11,L1,Fp6,SHA3-384,54,2048,32,321,1.46,200.8,,3,stir
RegisterMachine-2^12,L1,Fp6,SHA3-384,54,4096,32,624,1.50,203.4,,3,stir
RegisterMachine-2^13,L1,Fp6,SHA3-384,54,8192,32,1248,1.70,244.1,,3,stir
RegisterMachine-2^14,L1,Fp6,SHA3-384,54,16384,32,2510,1.74,246.8,,3,stir
RegisterMachine-2^15,L1,Fp6,SHA3-384,54,32768,32,5102,1.77,249.4,,3,stir
RegisterMachine-2^16,L1,Fp6,SHA3-384,54,65536,32,10407,1.82,252.1,,3,stir
RegisterMachine-2^17,L1,Fp6,SHA3-384,54,131072,32,21363,2.00,292.7,,3,stir
RegisterMachine-2^18,L1,Fp6,SHA3-384,54,262144,32,43388,2.04,295.4,,3,stir
RegisterMachine-2^19,L1,Fp6,SHA3-384,54,524288,32,88444,2.09,298.1,,3,stir
RegisterMachine-2^20,L1,Fp6,SHA3-384,54,1048576,32,179471,2.12,300.8,,3,stir
RegisterMachine-2^21,L1,Fp6,SHA3-384,54,2097152,32,363716,2.32,341.4,,3,stir
RegisterMachine-2^22,L1,Fp6,SHA3-384,54,4194304,32,741058,2.34,344.1,,3,stir
Fibonacci-2^11,L1,Fp8,SHA3-512,54,2048,32,286,2.19,266.0,,1,stir
Fibonacci-2^12,L1,Fp8,SHA3-512,54,4096,32,553,2.26,269.5,,1,stir
Fibonacci-2^13,L1,Fp8,SHA3-512,54,8192,32,1085,2.55,323.7,,1,stir
Fibonacci-2^14,L1,Fp8,SHA3-512,54,16384,32,2156,2.61,327.2,,1,stir
Fibonacci-2^15,L1,Fp8,SHA3-512,54,32768,32,4328,2.67,330.8,,1,stir
Fibonacci-2^16,L1,Fp8,SHA3-512,54,65536,32,8718,2.76,334.3,,1,stir
Fibonacci-2^17,L1,Fp8,SHA3-512,54,131072,32,17724,3.04,388.5,,1,stir
Fibonacci-2^18,L1,Fp8,SHA3-512,54,262144,32,35879,3.10,392.0,,1,stir
Fibonacci-2^19,L1,Fp8,SHA3-512,54,524288,32,72466,3.17,395.5,,1,stir
Fibonacci-2^20,L1,Fp8,SHA3-512,54,1048576,32,145751,3.22,399.0,,1,stir
Fibonacci-2^21,L1,Fp8,SHA3-512,54,2097152,32,292079,3.52,453.2,,1,stir
Fibonacci-2^22,L1,Fp8,SHA3-512,54,4194304,32,589573,3.60,456.7,,1,stir
PoseidonChain-2^11,L1,Fp8,SHA3-512,54,2048,32,649,2.21,266.0,,1,stir
PoseidonChain-2^12,L1,Fp8,SHA3-512,54,4096,32,1284,2.25,269.5,,1,stir
PoseidonChain-2^13,L1,Fp8,SHA3-512,54,8192,32,2577,2.57,323.7,,1,stir
PoseidonChain-2^14,L1,Fp8,SHA3-512,54,16384,32,5203,2.62,327.2,,1,stir
PoseidonChain-2^15,L1,Fp8,SHA3-512,54,32768,32,10572,2.70,330.8,,1,stir
PoseidonChain-2^16,L1,Fp8,SHA3-512,54,65536,32,21440,2.76,334.3,,1,stir
PoseidonChain-2^17,L1,Fp8,SHA3-512,54,131072,32,43578,3.06,388.5,,1,stir
PoseidonChain-2^18,L1,Fp8,SHA3-512,54,262144,32,88223,3.11,392.0,,1,stir
PoseidonChain-2^19,L1,Fp8,SHA3-512,54,524288,32,178973,3.18,395.5,,1,stir
PoseidonChain-2^20,L1,Fp8,SHA3-512,54,1048576,32,362494,3.24,399.0,,1,stir
PoseidonChain-2^21,L1,Fp8,SHA3-512,54,2097152,32,733772,3.54,453.2,,1,stir
PoseidonChain-2^22,L1,Fp8,SHA3-512,54,4194304,32,1490316,3.62,456.7,,1,stir
RegisterMachine-2^11,L1,Fp8,SHA3-512,54,2048,32,339,2.19,266.0,,1,stir
RegisterMachine-2^12,L1,Fp8,SHA3-512,54,4096,32,657,2.26,269.5,,1,stir
RegisterMachine-2^13,L1,Fp8,SHA3-512,54,8192,32,1312,2.57,323.7,,1,stir
RegisterMachine-2^14,L1,Fp8,SHA3-512,54,16384,32,2646,2.61,327.2,,1,stir
RegisterMachine-2^15,L1,Fp8,SHA3-512,54,32768,32,5372,2.67,330.8,,1,stir
RegisterMachine-2^16,L1,Fp8,SHA3-512,54,65536,32,11021,2.76,334.3,,1,stir
RegisterMachine-2^17,L1,Fp8,SHA3-512,54,131072,32,22401,3.04,388.5,,1,stir
RegisterMachine-2^18,L1,Fp8,SHA3-512,54,262144,32,45378,3.10,392.0,,1,stir
RegisterMachine-2^19,L1,Fp8,SHA3-512,54,524288,32,92087,3.17,395.5,,1,stir
RegisterMachine-2^20,L1,Fp8,SHA3-512,54,1048576,32,186943,3.22,399.0,,1,stir
RegisterMachine-2^21,L1,Fp8,SHA3-512,54,2097152,32,380874,3.53,453.2,,1,stir
RegisterMachine-2^22,L1,Fp8,SHA3-512,54,4194304,32,771136,3.62,456.7,,1,stir
Fibonacci-2^11,L1,Fp8,SHA3-512,54,2048,32,287,2.19,266.0,,2,stir
Fibonacci-2^12,L1,Fp8,SHA3-512,54,4096,32,549,2.25,269.5,,2,stir
Fibonacci-2^13,L1,Fp8,SHA3-512,54,8192,32,1081,2.56,323.7,,2,stir
Fibonacci-2^14,L1,Fp8,SHA3-512,54,16384,32,2150,2.61,327.2,,2,stir
Fibonacci-2^15,L1,Fp8,SHA3-512,54,32768,32,4347,2.70,330.8,,2,stir
Fibonacci-2^16,L1,Fp8,SHA3-512,54,65536,32,8732,2.74,334.3,,2,stir
Fibonacci-2^17,L1,Fp8,SHA3-512,54,131072,32,17741,3.04,388.5,,2,stir
Fibonacci-2^18,L1,Fp8,SHA3-512,54,262144,32,35888,3.11,392.0,,2,stir
Fibonacci-2^19,L1,Fp8,SHA3-512,54,524288,32,72433,3.17,395.5,,2,stir
Fibonacci-2^20,L1,Fp8,SHA3-512,54,1048576,32,144209,3.23,399.0,,2,stir
Fibonacci-2^21,L1,Fp8,SHA3-512,54,2097152,32,290618,3.53,453.2,,2,stir
Fibonacci-2^22,L1,Fp8,SHA3-512,54,4194304,32,590735,3.61,456.7,,2,stir
PoseidonChain-2^11,L1,Fp8,SHA3-512,54,2048,32,651,2.19,266.0,,2,stir
PoseidonChain-2^12,L1,Fp8,SHA3-512,54,4096,32,1283,2.25,269.5,,2,stir
PoseidonChain-2^13,L1,Fp8,SHA3-512,54,8192,32,2576,2.56,323.7,,2,stir
PoseidonChain-2^14,L1,Fp8,SHA3-512,54,16384,32,5186,2.64,327.2,,2,stir
PoseidonChain-2^15,L1,Fp8,SHA3-512,54,32768,32,10546,2.70,330.8,,2,stir
PoseidonChain-2^16,L1,Fp8,SHA3-512,54,65536,32,21455,2.75,334.3,,2,stir
PoseidonChain-2^17,L1,Fp8,SHA3-512,54,131072,32,43628,3.05,388.5,,2,stir
PoseidonChain-2^18,L1,Fp8,SHA3-512,54,262144,32,88124,3.12,392.0,,2,stir
PoseidonChain-2^19,L1,Fp8,SHA3-512,54,524288,32,178824,3.19,395.5,,2,stir
PoseidonChain-2^20,L1,Fp8,SHA3-512,54,1048576,32,364355,3.24,399.0,,2,stir
PoseidonChain-2^21,L1,Fp8,SHA3-512,54,2097152,32,735367,3.55,453.2,,2,stir
PoseidonChain-2^22,L1,Fp8,SHA3-512,54,4194304,32,1484779,3.62,456.7,,2,stir
RegisterMachine-2^11,L1,Fp8,SHA3-512,54,2048,32,341,2.19,266.0,,2,stir
RegisterMachine-2^12,L1,Fp8,SHA3-512,54,4096,32,661,2.24,269.5,,2,stir
RegisterMachine-2^13,L1,Fp8,SHA3-512,54,8192,32,1321,2.57,323.7,,2,stir
RegisterMachine-2^14,L1,Fp8,SHA3-512,54,16384,32,2642,2.63,327.2,,2,stir
RegisterMachine-2^15,L1,Fp8,SHA3-512,54,32768,32,5379,2.68,330.8,,2,stir
RegisterMachine-2^16,L1,Fp8,SHA3-512,54,65536,32,11061,2.74,334.3,,2,stir
RegisterMachine-2^17,L1,Fp8,SHA3-512,54,131072,32,22466,3.05,388.5,,2,stir
RegisterMachine-2^18,L1,Fp8,SHA3-512,54,262144,32,45686,3.10,392.0,,2,stir
RegisterMachine-2^19,L1,Fp8,SHA3-512,54,524288,32,92380,3.18,395.5,,2,stir
RegisterMachine-2^20,L1,Fp8,SHA3-512,54,1048576,32,187102,3.23,399.0,,2,stir
RegisterMachine-2^21,L1,Fp8,SHA3-512,54,2097152,32,381246,3.53,453.2,,2,stir
RegisterMachine-2^22,L1,Fp8,SHA3-512,54,4194304,32,775824,3.60,456.7,,2,stir
Fibonacci-2^11,L1,Fp8,SHA3-512,54,2048,32,289,2.19,266.0,,3,stir
Fibonacci-2^12,L1,Fp8,SHA3-512,54,4096,32,550,2.25,269.5,,3,stir
Fibonacci-2^13,L1,Fp8,SHA3-512,54,8192,32,1084,2.56,323.7,,3,stir
Fibonacci-2^14,L1,Fp8,SHA3-512,54,16384,32,2152,2.61,327.2,,3,stir
Fibonacci-2^15,L1,Fp8,SHA3-512,54,32768,32,4345,2.68,330.8,,3,stir
Fibonacci-2^16,L1,Fp8,SHA3-512,54,65536,32,8819,2.75,334.3,,3,stir
Fibonacci-2^17,L1,Fp8,SHA3-512,54,131072,32,17790,3.05,388.5,,3,stir
Fibonacci-2^18,L1,Fp8,SHA3-512,54,262144,32,35866,3.10,392.0,,3,stir
Fibonacci-2^19,L1,Fp8,SHA3-512,54,524288,32,71378,3.17,395.5,,3,stir
Fibonacci-2^20,L1,Fp8,SHA3-512,54,1048576,32,143806,3.23,399.0,,3,stir
Fibonacci-2^21,L1,Fp8,SHA3-512,54,2097152,32,290181,3.57,453.2,,3,stir
Fibonacci-2^22,L1,Fp8,SHA3-512,54,4194304,32,586281,3.61,456.7,,3,stir
PoseidonChain-2^11,L1,Fp8,SHA3-512,54,2048,32,652,2.19,266.0,,3,stir
PoseidonChain-2^12,L1,Fp8,SHA3-512,54,4096,32,1285,2.24,269.5,,3,stir
PoseidonChain-2^13,L1,Fp8,SHA3-512,54,8192,32,2577,2.56,323.7,,3,stir
PoseidonChain-2^14,L1,Fp8,SHA3-512,54,16384,32,5200,2.62,327.2,,3,stir
PoseidonChain-2^15,L1,Fp8,SHA3-512,54,32768,32,10561,2.68,330.8,,3,stir
PoseidonChain-2^16,L1,Fp8,SHA3-512,54,65536,32,21473,2.74,334.3,,3,stir
PoseidonChain-2^17,L1,Fp8,SHA3-512,54,131072,32,43667,3.04,388.5,,3,stir
PoseidonChain-2^18,L1,Fp8,SHA3-512,54,262144,32,88406,3.12,392.0,,3,stir
PoseidonChain-2^19,L1,Fp8,SHA3-512,54,524288,32,179186,3.17,395.5,,3,stir
PoseidonChain-2^20,L1,Fp8,SHA3-512,54,1048576,32,364863,3.23,399.0,,3,stir
PoseidonChain-2^21,L1,Fp8,SHA3-512,54,2097152,32,741600,3.54,453.2,,3,stir
PoseidonChain-2^22,L1,Fp8,SHA3-512,54,4194304,32,1500552,3.60,456.7,,3,stir
RegisterMachine-2^11,L1,Fp8,SHA3-512,54,2048,32,339,2.20,266.0,,3,stir
RegisterMachine-2^12,L1,Fp8,SHA3-512,54,4096,32,657,2.24,269.5,,3,stir
RegisterMachine-2^13,L1,Fp8,SHA3-512,54,8192,32,1312,2.55,323.7,,3,stir
RegisterMachine-2^14,L1,Fp8,SHA3-512,54,16384,32,2640,2.63,327.2,,3,stir
RegisterMachine-2^15,L1,Fp8,SHA3-512,54,32768,32,5372,2.67,330.8,,3,stir
RegisterMachine-2^16,L1,Fp8,SHA3-512,54,65536,32,11046,2.74,334.3,,3,stir
RegisterMachine-2^17,L1,Fp8,SHA3-512,54,131072,32,22424,3.04,388.5,,3,stir
RegisterMachine-2^18,L1,Fp8,SHA3-512,54,262144,32,45493,3.11,392.0,,3,stir
RegisterMachine-2^19,L1,Fp8,SHA3-512,54,524288,32,92494,3.17,395.5,,3,stir
RegisterMachine-2^20,L1,Fp8,SHA3-512,54,1048576,32,187471,3.23,399.0,,3,stir
RegisterMachine-2^21,L1,Fp8,SHA3-512,54,2097152,32,380644,3.58,453.2,,3,stir
RegisterMachine-2^22,L1,Fp8,SHA3-512,54,4194304,32,771321,3.60,456.7,,3,stir
Fibonacci-2^11,L3,Fp6,SHA3-384,79,2048,32,267,2.07,292.6,,1,stir
Fibonacci-2^12,L3,Fp6,SHA3-384,79,4096,32,517,2.12,296.4,,1,stir
Fibonacci-2^13,L3,Fp6,SHA3-384,79,8192,32,1021,2.37,355.8,,1,stir
Fibonacci-2^14,L3,Fp6,SHA3-384,79,16384,32,2038,2.42,359.6,,1,stir
Fibonacci-2^15,L3,Fp6,SHA3-384,79,32768,32,4095,2.51,363.5,,1,stir
Fibonacci-2^16,L3,Fp6,SHA3-384,79,65536,32,8223,2.55,367.3,,1,stir
Fibonacci-2^17,L3,Fp6,SHA3-384,79,131072,32,16560,2.82,426.7,,1,stir
Fibonacci-2^18,L3,Fp6,SHA3-384,79,262144,32,33692,2.86,430.6,,1,stir
Fibonacci-2^19,L3,Fp6,SHA3-384,79,524288,32,68191,2.97,434.4,,1,stir
Fibonacci-2^20,L3,Fp6,SHA3-384,79,1048576,32,136409,2.98,438.2,,1,stir
Fibonacci-2^21,L3,Fp6,SHA3-384,79,2097152,32,274519,3.24,497.6,,1,stir
Fibonacci-2^22,L3,Fp6,SHA3-384,79,4194304,32,556793,3.29,501.5,,1,stir
PoseidonChain-2^11,L3,Fp6,SHA3-384,79,2048,32,637,2.05,292.6,,1,stir
PoseidonChain-2^12,L3,Fp6,SHA3-384,79,4096,32,1259,2.12,296.4,,1,stir
PoseidonChain-2^13,L3,Fp6,SHA3-384,79,8192,32,2524,2.37,355.8,,1,stir
PoseidonChain-2^14,L3,Fp6,SHA3-384,79,16384,32,5082,2.41,359.6,,1,stir
PoseidonChain-2^15,L3,Fp6,SHA3-384,79,32768,32,10280,2.50,363.5,,1,stir
PoseidonChain-2^16,L3,Fp6,SHA3-384,79,65536,32,20988,2.55,367.3,,1,stir
PoseidonChain-2^17,L3,Fp6,SHA3-384,79,131072,32,42693,2.82,426.7,,1,stir
PoseidonChain-2^18,L3,Fp6,SHA3-384,79,262144,32,86406,2.85,430.6,,1,stir
PoseidonChain-2^19,L3,Fp6,SHA3-384,79,524288,32,175062,2.94,434.4,,1,stir
PoseidonChain-2^20,L3,Fp6,SHA3-384,79,1048576,32,355695,2.98,438.2,,1,stir
PoseidonChain-2^21,L3,Fp6,SHA3-384,79,2097152,32,724597,3.28,497.6,,1,stir
PoseidonChain-2^22,L3,Fp6,SHA3-384,79,4194304,32,1459156,3.32,501.5,,1,stir
RegisterMachine-2^11,L3,Fp6,SHA3-384,79,2048,32,323,2.07,292.6,,1,stir
RegisterMachine-2^12,L3,Fp6,SHA3-384,79,4096,32,630,2.12,296.4,,1,stir
RegisterMachine-2^13,L3,Fp6,SHA3-384,79,8192,32,1253,2.39,355.8,,1,stir
RegisterMachine-2^14,L3,Fp6,SHA3-384,79,16384,32,2521,2.44,359.6,,1,stir
RegisterMachine-2^15,L3,Fp6,SHA3-384,79,32768,32,5151,2.49,363.5,,1,stir
RegisterMachine-2^16,L3,Fp6,SHA3-384,79,65536,32,10613,2.54,367.3,,1,stir
RegisterMachine-2^17,L3,Fp6,SHA3-384,79,131072,32,21720,2.82,426.7,,1,stir
RegisterMachine-2^18,L3,Fp6,SHA3-384,79,262144,32,43699,2.86,430.6,,1,stir
RegisterMachine-2^19,L3,Fp6,SHA3-384,79,524288,32,88630,2.93,434.4,,1,stir
RegisterMachine-2^20,L3,Fp6,SHA3-384,79,1048576,32,180490,2.98,438.2,,1,stir
RegisterMachine-2^21,L3,Fp6,SHA3-384,79,2097152,32,365792,3.25,497.6,,1,stir
RegisterMachine-2^22,L3,Fp6,SHA3-384,79,4194304,32,741877,3.29,501.5,,1,stir
Fibonacci-2^11,L3,Fp6,SHA3-384,79,2048,32,268,2.06,292.6,,2,stir
Fibonacci-2^12,L3,Fp6,SHA3-384,79,4096,32,516,2.11,296.4,,2,stir
Fibonacci-2^13,L3,Fp6,SHA3-384,79,8192,32,1019,2.37,355.8,,2,stir
Fibonacci-2^14,L3,Fp6,SHA3-384,79,16384,32,2037,2.43,359.6,,2,stir
Fibonacci-2^15,L3,Fp6,SHA3-384,79,32768,32,4099,2.49,363.5,,2,stir
Fibonacci-2^16,L3,Fp6,SHA3-384,79,65536,32,8203,2.55,367.3,,2,stir
Fibonacci-2^17,L3,Fp6,SHA3-384,79,131072,32,16792,2.82,426.7,,2,stir
Fibonacci-2^18,L3,Fp6,SHA3-384,79,262144,32,33811,2.88,430.6,,2,stir
Fibonacci-2^19,L3,Fp6,SHA3-384,79,524288,32,67522,2.94,434.4,,2,stir
Fibonacci-2^20,L3,Fp6,SHA3-384,79,1048576,32,136493,2.97,438.2,,2,stir
Fibonacci-2^21,L3,Fp6,SHA3-384,79,2097152,32,274249,3.25,497.6,,2,stir
Fibonacci-2^22,L3,Fp6,SHA3-384,79,4194304,32,553906,3.30,501.5,,2,stir
PoseidonChain-2^11,L3,Fp6,SHA3-384,79,2048,32,639,2.06,292.6,,2,stir
PoseidonChain-2^12,L3,Fp6,SHA3-384,79,4096,32,1262,2.11,296.4,,2,stir
PoseidonChain-2^13,L3,Fp6,SHA3-384,79,8192,32,2524,2.37,355.8,,2,stir
PoseidonChain-2^14,L3,Fp6,SHA3-384,79,16384,32,5112,2.43,359.6,,2,stir
PoseidonChain-2^15,L3,Fp6,SHA3-384,79,32768,32,10378,2.49,363.5,,2,stir
PoseidonChain-2^16,L3,Fp6,SHA3-384,79,65536,32,21099,2.55,367.3,,2,stir
PoseidonChain-2^17,L3,Fp6,SHA3-384,79,131072,32,42714,2.82,426.7,,2,stir
PoseidonChain-2^18,L3,Fp6,SHA3-384,79,262144,32,86539,2.85,430.6,,2,stir
PoseidonChain-2^19,L3,Fp6,SHA3-384,79,524288,32,175260,2.93,434.4,,2,stir
PoseidonChain-2^20,L3,Fp6,SHA3-384,79,1048576,32,357767,2.98,438.2,,2,stir
PoseidonChain-2^21,L3,Fp6,SHA3-384,79,2097152,32,727240,3.25,497.6,,2,stir
PoseidonChain-2^22,L3,Fp6,SHA3-384,79,4194304,32,1462911,3.29,501.5,,2,stir
RegisterMachine-2^11,L3,Fp6,SHA3-384,79,2048,32,319,2.06,292.6,,2,stir
RegisterMachine-2^12,L3,Fp6,SHA3-384,79,4096,32,629,2.11,296.4,,2,stir
RegisterMachine-2^13,L3,Fp6,SHA3-384,79,8192,32,1249,2.39,355.8,,2,stir
RegisterMachine-2^14,L3,Fp6,SHA3-384,79,16384,32,2510,2.43,359.6,,2,stir
RegisterMachine-2^15,L3,Fp6,SHA3-384,79,32768,32,5137,2.49,363.5,,2,stir
RegisterMachine-2^16,L3,Fp6,SHA3-384,79,65536,32,10602,2.55,367.3,,2,stir
RegisterMachine-2^17,L3,Fp6,SHA3-384,79,131072,32,21408,2.81,426.7,,2,stir
RegisterMachine-2^18,L3,Fp6,SHA3-384,79,262144,32,43389,2.85,430.6,,2,stir
RegisterMachine-2^19,L3,Fp6,SHA3-384,79,524288,32,88156,2.94,434.4,,2,stir
RegisterMachine-2^20,L3,Fp6,SHA3-384,79,1048576,32,179363,2.98,438.2,,2,stir
RegisterMachine-2^21,L3,Fp6,SHA3-384,79,2097152,32,365045,3.25,497.6,,2,stir
RegisterMachine-2^22,L3,Fp6,SHA3-384,79,4194304,32,740031,3.29,501.5,,2,stir
Fibonacci-2^11,L3,Fp6,SHA3-384,79,2048,32,268,2.06,292.6,,3,stir
Fibonacci-2^12,L3,Fp6,SHA3-384,79,4096,32,516,2.11,296.4,,3,stir
Fibonacci-2^13,L3,Fp6,SHA3-384,79,8192,32,1019,2.39,355.8,,3,stir
Fibonacci-2^14,L3,Fp6,SHA3-384,79,16384,32,2033,2.43,359.6,,3,stir
Fibonacci-2^15,L3,Fp6,SHA3-384,79,32768,32,4088,2.49,363.5,,3,stir
Fibonacci-2^16,L3,Fp6,SHA3-384,79,65536,32,8190,2.55,367.3,,3,stir
Fibonacci-2^17,L3,Fp6,SHA3-384,79,131072,32,16704,2.82,426.7,,3,stir
Fibonacci-2^18,L3,Fp6,SHA3-384,79,262144,32,33397,2.86,430.6,,3,stir
Fibonacci-2^19,L3,Fp6,SHA3-384,79,524288,32,67425,2.93,434.4,,3,stir
Fibonacci-2^20,L3,Fp6,SHA3-384,79,1048576,32,136428,2.98,438.2,,3,stir
Fibonacci-2^21,L3,Fp6,SHA3-384,79,2097152,32,275627,3.24,497.6,,3,stir
Fibonacci-2^22,L3,Fp6,SHA3-384,79,4194304,32,555169,3.29,501.5,,3,stir
PoseidonChain-2^11,L3,Fp6,SHA3-384,79,2048,32,636,2.07,292.6,,3,stir
PoseidonChain-2^12,L3,Fp6,SHA3-384,79,4096,32,1259,2.10,296.4,,3,stir
PoseidonChain-2^13,L3,Fp6,SHA3-384,79,8192,32,2521,2.37,355.8,,3,stir
PoseidonChain-2^14,L3,Fp6,SHA3-384,79,16384,32,5094,2.42,359.6,,3,stir
PoseidonChain-2^15,L3,Fp6,SHA3-384,79,32768,32,10356,2.50,363.5,,3,stir
PoseidonChain-2^16,L3,Fp6,SHA3-384,79,65536,32,20991,2.54,367.3,,3,stir
PoseidonChain-2^17,L3,Fp6,SHA3-384,79,131072,32,42703,2.81,426.7,,3,stir
PoseidonChain-2^18,L3,Fp6,SHA3-384,79,262144,32,86499,2.85,430.6,,3,stir
PoseidonChain-2^19,L3,Fp6,SHA3-384,79,524288,32,175041,2.93,434.4,,3,stir
PoseidonChain-2^20,L3,Fp6,SHA3-384,79,1048576,32,354590,2.98,438.2,,3,stir
PoseidonChain-2^21,L3,Fp6,SHA3-384,79,2097152,32,719299,3.25,497.6,,3,stir
PoseidonChain-2^22,L3,Fp6,SHA3-384,79,4194304,32,1454464,3.30,501.5,,3,stir
RegisterMachine-2^11,L3,Fp6,SHA3-384,79,2048,32,322,2.06,292.6,,3,stir
RegisterMachine-2^12,L3,Fp6,SHA3-384,79,4096,32,633,2.11,296.4,,3,stir
RegisterMachine-2^13,L3,Fp6,SHA3-384,79,8192,32,1250,2.37,355.8,,3,stir
RegisterMachine-2^14,L3,Fp6,SHA3-384,79,16384,32,2515,2.42,359.6,,3,stir
RegisterMachine-2^15,L3,Fp6,SHA3-384,79,32768,32,5150,2.49,363.5,,3,stir
RegisterMachine-2^16,L3,Fp6,SHA3-384,79,65536,32,10610,2.54,367.3,,3,stir
RegisterMachine-2^17,L3,Fp6,SHA3-384,79,131072,32,21455,2.83,426.7,,3,stir
RegisterMachine-2^18,L3,Fp6,SHA3-384,79,262144,32,43451,2.86,430.6,,3,stir
RegisterMachine-2^19,L3,Fp6,SHA3-384,79,524288,32,88239,2.94,434.4,,3,stir
RegisterMachine-2^20,L3,Fp6,SHA3-384,79,1048576,32,179446,2.98,438.2,,3,stir
RegisterMachine-2^21,L3,Fp6,SHA3-384,79,2097152,32,365004,3.26,497.6,,3,stir
RegisterMachine-2^22,L3,Fp6,SHA3-384,79,4194304,32,740508,3.29,501.5,,3,stir
Fibonacci-2^11,L3,Fp8,SHA3-512,79,2048,32,288,3.12,387.9,,1,stir
Fibonacci-2^12,L3,Fp8,SHA3-512,79,4096,32,553,3.19,393.0,,1,stir
Fibonacci-2^13,L3,Fp8,SHA3-512,79,8192,32,1087,3.65,472.1,,1,stir
Fibonacci-2^14,L3,Fp8,SHA3-512,79,16384,32,2163,3.71,477.2,,1,stir
Fibonacci-2^15,L3,Fp8,SHA3-512,79,32768,32,4350,3.79,482.3,,1,stir
Fibonacci-2^16,L3,Fp8,SHA3-512,79,65536,32,8784,3.90,487.4,,1,stir
Fibonacci-2^17,L3,Fp8,SHA3-512,79,131072,32,17745,4.33,566.6,,1,stir
Fibonacci-2^18,L3,Fp8,SHA3-512,79,262144,32,35873,4.41,571.7,,1,stir
Fibonacci-2^19,L3,Fp8,SHA3-512,79,524288,32,72384,4.52,576.8,,1,stir
Fibonacci-2^20,L3,Fp8,SHA3-512,79,1048576,32,145421,4.62,581.9,,1,stir
Fibonacci-2^21,L3,Fp8,SHA3-512,79,2097152,32,291891,5.02,661.0,,1,stir
Fibonacci-2^22,L3,Fp8,SHA3-512,79,4194304,32,590839,5.16,666.1,,1,stir
PoseidonChain-2^11,L3,Fp8,SHA3-512,79,2048,32,651,3.12,387.9,,1,stir
PoseidonChain-2^12,L3,Fp8,SHA3-512,79,4096,32,1285,3.19,393.0,,1,stir
PoseidonChain-2^13,L3,Fp8,SHA3-512,79,8192,32,2575,3.64,472.1,,1,stir
PoseidonChain-2^14,L3,Fp8,SHA3-512,79,16384,32,5193,3.72,477.2,,1,stir
PoseidonChain-2^15,L3,Fp8,SHA3-512,79,32768,32,10546,3.81,482.3,,1,stir
PoseidonChain-2^16,L3,Fp8,SHA3-512,79,65536,32,21528,3.89,487.4,,1,stir
PoseidonChain-2^17,L3,Fp8,SHA3-512,79,131072,32,43741,4.34,566.6,,1,stir
PoseidonChain-2^18,L3,Fp8,SHA3-512,79,262144,32,88447,4.42,571.7,,1,stir
PoseidonChain-2^19,L3,Fp8,SHA3-512,79,524288,32,178910,4.51,576.8,,1,stir
PoseidonChain-2^20,L3,Fp8,SHA3-512,79,1048576,32,362440,4.59,581.9,,1,stir
PoseidonChain-2^21,L3,Fp8,SHA3-512,79,2097152,32,734320,5.04,661.0,,1,stir
PoseidonChain-2^22,L3,Fp8,SHA3-512,79,4194304,32,1485903,5.14,666.1,,1,stir
RegisterMachine-2^11,L3,Fp8,SHA3-512,79,2048,32,339,3.11,387.9,,1,stir
RegisterMachine-2^12,L3,Fp8,SHA3-512,79,4096,32,660,3.19,393.0,,1,stir
RegisterMachine-2^13,L3,Fp8,SHA3-512,79,8192,32,1312,3.64,472.1,,1,stir
RegisterMachine-2^14,L3,Fp8,SHA3-512,79,16384,32,2652,3.71,477.2,,1,stir
RegisterMachine-2^15,L3,Fp8,SHA3-512,79,32768,32,5401,3.80,482.3,,1,stir
RegisterMachine-2^16,L3,Fp8,SHA3-512,79,65536,32,10955,3.89,487.4,,1,stir
RegisterMachine-2^17,L3,Fp8,SHA3-512,79,131072,32,22390,4.32,566.6,,1,stir
RegisterMachine-2^18,L3,Fp8,SHA3-512,79,262144,32,45547,4.45,571.7,,1,stir
RegisterMachine-2^19,L3,Fp8,SHA3-512,79,524288,32,93149,4.51,576.8,,1,stir
RegisterMachine-2^20,L3,Fp8,SHA3-512,79,1048576,32,187499,4.59,581.9,,1,stir
RegisterMachine-2^21,L3,Fp8,SHA3-512,79,2097152,32,381120,5.07,661.0,,1,stir
RegisterMachine-2^22,L3,Fp8,SHA3-512,79,4194304,32,774731,5.12,666.1,,1,stir
Fibonacci-2^11,L3,Fp8,SHA3-512,79,2048,32,286,3.12,387.9,,2,stir
Fibonacci-2^12,L3,Fp8,SHA3-512,79,4096,32,547,3.18,393.0,,2,stir
Fibonacci-2^13,L3,Fp8,SHA3-512,79,8192,32,1078,3.63,472.1,,2,stir
Fibonacci-2^14,L3,Fp8,SHA3-512,79,16384,32,2147,3.73,477.2,,2,stir
Fibonacci-2^15,L3,Fp8,SHA3-512,79,32768,32,4331,3.80,482.3,,2,stir
Fibonacci-2^16,L3,Fp8,SHA3-512,79,65536,32,8834,3.89,487.4,,2,stir
Fibonacci-2^17,L3,Fp8,SHA3-512,79,131072,32,17762,4.36,566.6,,2,stir
Fibonacci-2^18,L3,Fp8,SHA3-512,79,262144,32,35648,4.41,571.7,,2,stir
Fibonacci-2^19,L3,Fp8,SHA3-512,79,524288,32,71496,4.51,576.8,,2,stir
Fibonacci-2^20,L3,Fp8,SHA3-512,79,1048576,32,143955,4.58,581.9,,2,stir
Fibonacci-2^21,L3,Fp8,SHA3-512,79,2097152,32,291850,5.03,661.0,,2,stir
Fibonacci-2^22,L3,Fp8,SHA3-512,79,4194304,32,588039,5.11,666.1,,2,stir
PoseidonChain-2^11,L3,Fp8,SHA3-512,79,2048,32,651,3.11,387.9,,2,stir
PoseidonChain-2^12,L3,Fp8,SHA3-512,79,4096,32,1282,3.19,393.0,,2,stir
PoseidonChain-2^13,L3,Fp8,SHA3-512,79,8192,32,2575,3.63,472.1,,2,stir
PoseidonChain-2^14,L3,Fp8,SHA3-512,79,16384,32,5212,3.72,477.2,,2,stir
PoseidonChain-2^15,L3,Fp8,SHA3-512,79,32768,32,10574,3.80,482.3,,2,stir
PoseidonChain-2^16,L3,Fp8,SHA3-512,79,65536,32,21489,3.89,487.4,,2,stir
PoseidonChain-2^17,L3,Fp8,SHA3-512,79,131072,32,43628,4.34,566.6,,2,stir
PoseidonChain-2^18,L3,Fp8,SHA3-512,79,262144,32,88625,4.41,571.7,,2,stir
PoseidonChain-2^19,L3,Fp8,SHA3-512,79,524288,32,179524,4.52,576.8,,2,stir
PoseidonChain-2^20,L3,Fp8,SHA3-512,79,1048576,32,362176,4.59,581.9,,2,stir
PoseidonChain-2^21,L3,Fp8,SHA3-512,79,2097152,32,733476,5.07,661.0,,2,stir
PoseidonChain-2^22,L3,Fp8,SHA3-512,79,4194304,32,1486382,5.11,666.1,,2,stir
RegisterMachine-2^11,L3,Fp8,SHA3-512,79,2048,32,338,3.12,387.9,,2,stir
RegisterMachine-2^12,L3,Fp8,SHA3-512,79,4096,32,657,3.19,393.0,,2,stir
RegisterMachine-2^13,L3,Fp8,SHA3-512,79,8192,32,1312,3.63,472.1,,2,stir
RegisterMachine-2^14,L3,Fp8,SHA3-512,79,16384,32,2648,3.72,477.2,,2,stir
RegisterMachine-2^15,L3,Fp8,SHA3-512,79,32768,32,5377,3.80,482.3,,2,stir
RegisterMachine-2^16,L3,Fp8,SHA3-512,79,65536,32,11035,3.89,487.4,,2,stir
RegisterMachine-2^17,L3,Fp8,SHA3-512,79,131072,32,22577,4.33,566.6,,2,stir
RegisterMachine-2^18,L3,Fp8,SHA3-512,79,262144,32,45937,4.41,571.7,,2,stir
RegisterMachine-2^19,L3,Fp8,SHA3-512,79,524288,32,93387,4.52,576.8,,2,stir
RegisterMachine-2^20,L3,Fp8,SHA3-512,79,1048576,32,186830,4.63,581.9,,2,stir
RegisterMachine-2^21,L3,Fp8,SHA3-512,79,2097152,32,379670,5.06,661.0,,2,stir
RegisterMachine-2^22,L3,Fp8,SHA3-512,79,4194304,32,771165,5.16,666.1,,2,stir
Fibonacci-2^11,L3,Fp8,SHA3-512,79,2048,32,289,3.11,387.9,,3,stir
Fibonacci-2^12,L3,Fp8,SHA3-512,79,4096,32,551,3.19,393.0,,3,stir
Fibonacci-2^13,L3,Fp8,SHA3-512,79,8192,32,1083,3.63,472.1,,3,stir
Fibonacci-2^14,L3,Fp8,SHA3-512,79,16384,32,2159,3.72,477.2,,3,stir
Fibonacci-2^15,L3,Fp8,SHA3-512,79,32768,32,4353,3.81,482.3,,3,stir
Fibonacci-2^16,L3,Fp8,SHA3-512,79,65536,32,8744,3.89,487.4,,3,stir
Fibonacci-2^17,L3,Fp8,SHA3-512,79,131072,32,17656,4.34,566.6,,3,stir
Fibonacci-2^18,L3,Fp8,SHA3-512,79,262144,32,35758,4.41,571.7,,3,stir
Fibonacci-2^19,L3,Fp8,SHA3-512,79,524288,32,72291,4.50,576.8,,3,stir
Fibonacci-2^20,L3,Fp8,SHA3-512,79,1048576,32,146151,4.58,581.9,,3,stir
Fibonacci-2^21,L3,Fp8,SHA3-512,79,2097152,32,293012,5.07,661.0,,3,stir
Fibonacci-2^22,L3,Fp8,SHA3-512,79,4194304,32,590473,5.11,666.1,,3,stir
PoseidonChain-2^11,L3,Fp8,SHA3-512,79,2048,32,650,3.12,387.9,,3,stir
PoseidonChain-2^12,L3,Fp8,SHA3-512,79,4096,32,1282,3.21,393.0,,3,stir
PoseidonChain-2^13,L3,Fp8,SHA3-512,79,8192,32,2575,3.64,472.1,,3,stir
PoseidonChain-2^14,L3,Fp8,SHA3-512,79,16384,32,5211,3.74,477.2,,3,stir
PoseidonChain-2^15,L3,Fp8,SHA3-512,79,32768,32,10573,3.81,482.3,,3,stir
PoseidonChain-2^16,L3,Fp8,SHA3-512,79,65536,32,21422,3.91,487.4,,3,stir
PoseidonChain-2^17,L3,Fp8,SHA3-512,79,131072,32,43547,4.35,566.6,,3,stir
PoseidonChain-2^18,L3,Fp8,SHA3-512,79,262144,32,88191,4.43,571.7,,3,stir
PoseidonChain-2^19,L3,Fp8,SHA3-512,79,524288,32,178680,4.52,576.8,,3,stir
PoseidonChain-2^20,L3,Fp8,SHA3-512,79,1048576,32,361904,4.60,581.9,,3,stir
PoseidonChain-2^21,L3,Fp8,SHA3-512,79,2097152,32,733351,5.07,661.0,,3,stir
PoseidonChain-2^22,L3,Fp8,SHA3-512,79,4194304,32,1484950,5.18,666.1,,3,stir
RegisterMachine-2^11,L3,Fp8,SHA3-512,79,2048,32,340,3.11,387.9,,3,stir
RegisterMachine-2^12,L3,Fp8,SHA3-512,79,4096,32,662,3.19,393.0,,3,stir
RegisterMachine-2^13,L3,Fp8,SHA3-512,79,8192,32,1322,3.64,472.1,,3,stir
RegisterMachine-2^14,L3,Fp8,SHA3-512,79,16384,32,2662,3.74,477.2,,3,stir
RegisterMachine-2^15,L3,Fp8,SHA3-512,79,32768,32,5400,3.80,482.3,,3,stir
RegisterMachine-2^16,L3,Fp8,SHA3-512,79,65536,32,11052,3.89,487.4,,3,stir
RegisterMachine-2^17,L3,Fp8,SHA3-512,79,131072,32,22478,4.33,566.6,,3,stir
RegisterMachine-2^18,L3,Fp8,SHA3-512,79,262144,32,45575,4.41,571.7,,3,stir
RegisterMachine-2^19,L3,Fp8,SHA3-512,79,524288,32,92304,4.55,576.8,,3,stir
RegisterMachine-2^20,L3,Fp8,SHA3-512,79,1048576,32,187632,4.62,581.9,,3,stir
RegisterMachine-2^21,L3,Fp8,SHA3-512,79,2097152,32,380451,5.07,661.0,,3,stir
RegisterMachine-2^22,L3,Fp8,SHA3-512,79,4194304,32,773478,5.13,666.1,,3,stir
Fibonacci-2^11,L5,Fp8,SHA3-512,105,2048,32,286,4.08,514.6,,1,stir
Fibonacci-2^12,L5,Fp8,SHA3-512,105,4096,32,551,4.19,521.4,,1,stir
Fibonacci-2^13,L5,Fp8,SHA3-512,105,8192,32,1084,4.76,626.5,,1,stir
Fibonacci-2^14,L5,Fp8,SHA3-512,105,16384,32,2157,4.87,633.2,,1,stir
Fibonacci-2^15,L5,Fp8,SHA3-512,105,32768,32,4350,4.98,640.0,,1,stir
Fibonacci-2^16,L5,Fp8,SHA3-512,105,65536,32,8803,5.11,646.7,,1,stir
Fibonacci-2^17,L5,Fp8,SHA3-512,105,131072,32,17788,5.70,751.8,,1,stir
Fibonacci-2^18,L5,Fp8,SHA3-512,105,262144,32,35664,5.78,758.5,,1,stir
Fibonacci-2^19,L5,Fp8,SHA3-512,105,524288,32,71661,5.94,765.3,,1,stir
Fibonacci-2^20,L5,Fp8,SHA3-512,105,1048576,32,144063,6.04,772.0,,1,stir
Fibonacci-2^21,L5,Fp8,SHA3-512,105,2097152,32,290246,6.62,877.1,,1,stir
Fibonacci-2^22,L5,Fp8,SHA3-512,105,4194304,32,588858,6.75,883.9,,1,stir
PoseidonChain-2^11,L5,Fp8,SHA3-512,105,2048,32,656,4.08,514.6,,1,stir
PoseidonChain-2^12,L5,Fp8,SHA3-512,105,4096,32,1285,4.18,521.4,,1,stir
PoseidonChain-2^13,L5,Fp8,SHA3-512,105,8192,32,2583,4.76,626.5,,1,stir
PoseidonChain-2^14,L5,Fp8,SHA3-512,105,16384,32,5221,4.88,633.2,,1,stir
PoseidonChain-2^15,L5,Fp8,SHA3-512,105,32768,32,10582,4.98,640.0,,1,stir
PoseidonChain-2^16,L5,Fp8,SHA3-512,105,65536,32,21501,5.09,646.7,,1,stir
PoseidonChain-2^17,L5,Fp8,SHA3-512,105,131072,32,43627,5.66,751.8,,1,stir
PoseidonChain-2^18,L5,Fp8,SHA3-512,105,262144,32,88425,5.78,758.5,,1,stir
PoseidonChain-2^19,L5,Fp8,SHA3-512,105,524288,32,178800,5.93,765.3,,1,stir
PoseidonChain-2^20,L5,Fp8,SHA3-512,105,1048576,32,362174,6.03,772.0,,1,stir
PoseidonChain-2^21,L5,Fp8,SHA3-512,105,2097152,32,734094,6.56,877.1,,1,stir
PoseidonChain-2^22,L5,Fp8,SHA3-512,105,4194304,32,1487653,6.70,883.9,,1,stir
RegisterMachine-2^11,L5,Fp8,SHA3-512,105,2048,32,340,4.08,514.6,,1,stir
RegisterMachine-2^12,L5,Fp8,SHA3-512,105,4096,32,660,4.20,521.4,,1,stir
RegisterMachine-2^13,L5,Fp8,SHA3-512,105,8192,32,1315,4.78,626.5,,1,stir
RegisterMachine-2^14,L5,Fp8,SHA3-512,105,16384,32,2651,4.87,633.2,,1,stir
RegisterMachine-2^15,L5,Fp8,SHA3-512,105,32768,32,5390,4.99,640.0,,1,stir
RegisterMachine-2^16,L5,Fp8,SHA3-512,105,65536,32,11064,5.10,646.7,,1,stir
RegisterMachine-2^17,L5,Fp8,SHA3-512,105,131072,32,22591,5.68,751.8,,1,stir
RegisterMachine-2^18,L5,Fp8,SHA3-512,105,262144,32,45542,5.82,758.5,,1,stir
RegisterMachine-2^19,L5,Fp8,SHA3-512,105,524288,32,92668,5.90,765.3,,1,stir
RegisterMachine-2^20,L5,Fp8,SHA3-512,105,1048576,32,188954,6.04,772.0,,1,stir
RegisterMachine-2^21,L5,Fp8,SHA3-512,105,2097152,32,384765,6.63,877.1,,1,stir
RegisterMachine-2^22,L5,Fp8,SHA3-512,105,4194304,32,771234,6.73,883.9,,1,stir
Fibonacci-2^11,L5,Fp8,SHA3-512,105,2048,32,287,4.08,514.6,,2,stir
Fibonacci-2^12,L5,Fp8,SHA3-512,105,4096,32,550,4.18,521.4,,2,stir
Fibonacci-2^13,L5,Fp8,SHA3-512,105,8192,32,1083,4.76,626.5,,2,stir
Fibonacci-2^14,L5,Fp8,SHA3-512,105,16384,32,2152,4.86,633.2,,2,stir
Fibonacci-2^15,L5,Fp8,SHA3-512,105,32768,32,4358,4.96,640.0,,2,stir
Fibonacci-2^16,L5,Fp8,SHA3-512,105,65536,32,8829,5.09,646.7,,2,stir
Fibonacci-2^17,L5,Fp8,SHA3-512,105,131072,32,17829,5.67,751.8,,2,stir
Fibonacci-2^18,L5,Fp8,SHA3-512,105,262144,32,35741,5.77,758.5,,2,stir
Fibonacci-2^19,L5,Fp8,SHA3-512,105,524288,32,72031,5.94,765.3,,2,stir
Fibonacci-2^20,L5,Fp8,SHA3-512,105,1048576,32,144807,6.04,772.0,,2,stir
Fibonacci-2^21,L5,Fp8,SHA3-512,105,2097152,32,291538,6.57,877.1,,2,stir
Fibonacci-2^22,L5,Fp8,SHA3-512,105,4194304,32,587055,6.72,883.9,,2,stir
PoseidonChain-2^11,L5,Fp8,SHA3-512,105,2048,32,653,4.08,514.6,,2,stir
PoseidonChain-2^12,L5,Fp8,SHA3-512,105,4096,32,1284,4.17,521.4,,2,stir
PoseidonChain-2^13,L5,Fp8,SHA3-512,105,8192,32,2575,4.76,626.5,,2,stir
PoseidonChain-2^14,L5,Fp8,SHA3-512,105,16384,32,5191,4.87,633.2,,2,stir
PoseidonChain-2^15,L5,Fp8,SHA3-512,105,32768,32,10537,4.97,640.0,,2,stir
PoseidonChain-2^16,L5,Fp8,SHA3-512,105,65536,32,21555,5.08,646.7,,2,stir
PoseidonChain-2^17,L5,Fp8,SHA3-512,105,131072,32,43747,5.71,751.8,,2,stir
PoseidonChain-2^18,L5,Fp8,SHA3-512,105,262144,32,88506,5.77,758.5,,2,stir
PoseidonChain-2^19,L5,Fp8,SHA3-512,105,524288,32,178970,5.89,765.3,,2,stir
PoseidonChain-2^20,L5,Fp8,SHA3-512,105,1048576,32,362748,6.31,772.0,,2,stir
PoseidonChain-2^21,L5,Fp8,SHA3-512,105,2097152,32,734291,6.61,877.1,,2,stir
PoseidonChain-2^22,L5,Fp8,SHA3-512,105,4194304,32,1490435,6.72,883.9,,2,stir
RegisterMachine-2^11,L5,Fp8,SHA3-512,105,2048,32,339,4.07,514.6,,2,stir
RegisterMachine-2^12,L5,Fp8,SHA3-512,105,4096,32,658,4.17,521.4,,2,stir
RegisterMachine-2^13,L5,Fp8,SHA3-512,105,8192,32,1315,4.76,626.5,,2,stir
RegisterMachine-2^14,L5,Fp8,SHA3-512,105,16384,32,2645,4.87,633.2,,2,stir
RegisterMachine-2^15,L5,Fp8,SHA3-512,105,32768,32,5370,4.99,640.0,,2,stir
RegisterMachine-2^16,L5,Fp8,SHA3-512,105,65536,32,11032,5.10,646.7,,2,stir
RegisterMachine-2^17,L5,Fp8,SHA3-512,105,131072,32,22463,5.68,751.8,,2,stir
RegisterMachine-2^18,L5,Fp8,SHA3-512,105,262144,32,45637,5.78,758.5,,2,stir
RegisterMachine-2^19,L5,Fp8,SHA3-512,105,524288,32,93064,5.94,765.3,,2,stir
RegisterMachine-2^20,L5,Fp8,SHA3-512,105,1048576,32,187392,6.05,772.0,,2,stir
RegisterMachine-2^21,L5,Fp8,SHA3-512,105,2097152,32,381101,6.58,877.1,,2,stir
RegisterMachine-2^22,L5,Fp8,SHA3-512,105,4194304,32,771046,6.74,883.9,,2,stir
Fibonacci-2^11,L5,Fp8,SHA3-512,105,2048,32,288,4.09,514.6,,3,stir
Fibonacci-2^12,L5,Fp8,SHA3-512,105,4096,32,549,4.18,521.4,,3,stir
Fibonacci-2^13,L5,Fp8,SHA3-512,105,8192,32,1084,4.78,626.5,,3,stir
Fibonacci-2^14,L5,Fp8,SHA3-512,105,16384,32,2150,4.88,633.2,,3,stir
Fibonacci-2^15,L5,Fp8,SHA3-512,105,32768,32,4348,4.99,640.0,,3,stir
Fibonacci-2^16,L5,Fp8,SHA3-512,105,65536,32,8715,5.10,646.7,,3,stir
Fibonacci-2^17,L5,Fp8,SHA3-512,105,131072,32,17591,5.70,751.8,,3,stir
Fibonacci-2^18,L5,Fp8,SHA3-512,105,262144,32,35437,5.82,758.5,,3,stir
Fibonacci-2^19,L5,Fp8,SHA3-512,105,524288,32,71902,5.95,765.3,,3,stir
Fibonacci-2^20,L5,Fp8,SHA3-512,105,1048576,32,145423,6.00,772.0,,3,stir
Fibonacci-2^21,L5,Fp8,SHA3-512,105,2097152,32,291937,6.63,877.1,,3,stir
Fibonacci-2^22,L5,Fp8,SHA3-512,105,4194304,32,586882,6.70,883.9,,3,stir
PoseidonChain-2^11,L5,Fp8,SHA3-512,105,2048,32,655,4.08,514.6,,3,stir
PoseidonChain-2^12,L5,Fp8,SHA3-512,105,4096,32,1286,4.19,521.4,,3,stir
PoseidonChain-2^13,L5,Fp8,SHA3-512,105,8192,32,2582,4.78,626.5,,3,stir
PoseidonChain-2^14,L5,Fp8,SHA3-512,105,16384,32,5218,4.88,633.2,,3,stir
PoseidonChain-2^15,L5,Fp8,SHA3-512,105,32768,32,10578,4.99,640.0,,3,stir
PoseidonChain-2^16,L5,Fp8,SHA3-512,105,65536,32,21512,5.13,646.7,,3,stir
PoseidonChain-2^17,L5,Fp8,SHA3-512,105,131072,32,43725,5.69,751.8,,3,stir
PoseidonChain-2^18,L5,Fp8,SHA3-512,105,262144,32,88578,5.81,758.5,,3,stir
PoseidonChain-2^19,L5,Fp8,SHA3-512,105,524288,32,179329,5.93,765.3,,3,stir
PoseidonChain-2^20,L5,Fp8,SHA3-512,105,1048576,32,362961,6.06,772.0,,3,stir
PoseidonChain-2^21,L5,Fp8,SHA3-512,105,2097152,32,736673,6.58,877.1,,3,stir
PoseidonChain-2^22,L5,Fp8,SHA3-512,105,4194304,32,1490495,6.72,883.9,,3,stir
